"stage","phase","episode","reward","steps","outcome"
"Moving025","before","2","-3.4216","6107","TIMEOUT"
"Moving025","before","3","11.3436","448","CAUGHT"
"Moving025","before","4","10.7966","242","CAUGHT"
"Moving025","before","5","3.3428","6059","TIMEOUT"
"Moving025","before","6","11.1347","404","CAUGHT"
"Moving025","before","7","-1.2022","6021","TIMEOUT"
"Moving025","before","8","7.0395","6019","TIMEOUT"
"Moving025","before","9","11.7005","814","CAUGHT"
"Moving025","before","10","1.6448","6072","TIMEOUT"
"Moving025","before","11","14.439","2341","CAUGHT"
"Moving025","before","12","13.5197","2203","CAUGHT"
"Moving025","before","13","18.4754","4925","CAUGHT"
"Moving025","before","14","11.947","976","CAUGHT"
"Moving025","before","15","-2.1722","5870","TIMEOUT"
"Moving025","before","16","-4.8638","5927","TIMEOUT"
"Moving025","before","17","-5.4733","6079","TIMEOUT"
"Moving025","before","18","-0.08","6092","TIMEOUT"
"Moving025","before","19","2.2597","6098","TIMEOUT"
"Moving025","before","20","10.996","326","CAUGHT"
"Moving025","before","21","11.49","586","CAUGHT"
"Moving025","before","22","11.4809","571","CAUGHT"
"Moving025","before","23","10.9716","312","CAUGHT"
"Moving025","before","24","11.6057","615","CAUGHT"
"Moving025","before","25","5.9103","6139","TIMEOUT"
"Moving025","before","26","5.2679","6205","TIMEOUT"
"Moving025","before","27","11.329","406","CAUGHT"
"Moving025","before","28","11.3252","475","CAUGHT"
"Moving025","before","29","-3.0842","6132","TIMEOUT"
"Moving025","before","30","18.1394","5146","CAUGHT"
"Moving025","before","31","-0.8636","6126","TIMEOUT"
"Moving025","before","32","10.963","290","CAUGHT"
"Moving025","before","33","-0.6835","6059","TIMEOUT"
"Moving025","before","34","11.1741","431","CAUGHT"
"Moving025","before","35","14.1401","2314","CAUGHT"
"Moving025","before","36","11.3717","569","CAUGHT"
"Moving025","before","37","2.4624","6084","TIMEOUT"
"Moving025","before","38","14.5958","2600","CAUGHT"
"Moving025","before","39","5.651","6050","TIMEOUT"
"Moving025","before","40","6.1006","6108","TIMEOUT"
"Moving025","before","41","1.1335","6161","TIMEOUT"
"Moving025","before","42","13.4726","2630","CAUGHT"
"Moving025","before","43","11.4114","426","CAUGHT"
"Moving025","before","44","11.8333","748","CAUGHT"
"Moving025","before","45","11.1297","427","CAUGHT"
"Moving025","before","46","10.8898","299","CAUGHT"
"Moving025","before","47","0.9181","6145","TIMEOUT"
"Moving025","before","48","4.2858","6057","TIMEOUT"
"Moving025","before","49","-3.6663","6002","TIMEOUT"
"Moving025","before","50","2.9399","6121","TIMEOUT"
"Moving025","before","51","11.5023","558","CAUGHT"
"Moving025","before","52","1.7221","6115","TIMEOUT"
"Moving025","before","53","11.3619","472","CAUGHT"
"Moving025","before","54","3.0943","6061","TIMEOUT"
"Moving025","before","55","13.3119","1576","CAUGHT"
"Moving025","before","56","10.8291","276","CAUGHT"
"Moving025","before","57","11.3292","440","CAUGHT"
"Moving025","before","58","4.6629","6076","TIMEOUT"
"Moving025","before","59","11.0894","359","CAUGHT"
"Moving025","before","60","-3.1123","6126","TIMEOUT"
"Moving025","before","61","11.8923","903","CAUGHT"
"Moving025","before","62","11.6854","694","CAUGHT"
"Moving025","before","63","11.576","631","CAUGHT"
"Moving025","before","64","14.9704","3576","CAUGHT"
"Moving025","before","65","11.8992","725","CAUGHT"
"Moving025","before","66","11.5587","536","CAUGHT"
"Moving025","before","67","12.1381","714","CAUGHT"
"Moving025","before","68","4.8898","5490","TIMEOUT"
"Moving025","before","69","0.8112","5230","TIMEOUT"
"Moving025","before","70","11.2871","405","CAUGHT"
"Moving025","before","71","1.8392","5731","TIMEOUT"
"Moving025","before","72","-1.3257","5394","TIMEOUT"
"Moving025","before","73","12.0623","1155","CAUGHT"
"Moving025","before","74","11.405","428","CAUGHT"
"Moving025","before","75","0.8564","5110","TIMEOUT"
"Moving025","before","76","-2.5468","5724","TIMEOUT"
"Moving025","before","77","-1.5842","5490","TIMEOUT"
"Moving025","before","78","17.837","4457","CAUGHT"
"Moving025","before","79","18.3294","4451","CAUGHT"
"Moving025","before","80","19.3068","4337","CAUGHT"
"Moving025","before","81","16.3249","4209","CAUGHT"
"Moving025","before","82","-0.8015","5229","TIMEOUT"
"Moving025","before","83","13.2287","1459","CAUGHT"
"Moving025","before","84","11.4105","477","CAUGHT"
"Moving025","before","85","-4.5055","5554","TIMEOUT"
"Moving025","before","86","5.6285","5633","TIMEOUT"
"Moving025","before","87","10.9523","261","CAUGHT"
"Moving025","before","88","11.6412","699","CAUGHT"
"Moving025","before","89","0.2211","5283","TIMEOUT"
"Moving025","before","90","11.4738","512","CAUGHT"
"Moving025","before","91","13.7705","1703","CAUGHT"
"Moving025","before","92","-0.5451","5326","TIMEOUT"
"Moving025","before","93","0.3205","5717","TIMEOUT"
"Moving025","before","94","1.5709","5683","TIMEOUT"
"Moving025","before","95","11.7121","744","CAUGHT"
"Moving025","before","96","14.3381","2160","CAUGHT"
"Moving025","before","97","3.2364","5648","TIMEOUT"
"Moving025","before","98","5.8578","5244","TIMEOUT"
"Moving025","before","99","-2.2006","5795","TIMEOUT"
"Moving025","before","100","11.0108","307","CAUGHT"
"Moving025","before","101","-5.3029","5362","TIMEOUT"
"Moving025","after","2","10.7714","264","CAUGHT"
"Moving025","after","3","11.8633","805","CAUGHT"
"Moving025","after","4","12.1132","879","CAUGHT"
"Moving025","after","5","11.6672","1464","CAUGHT"
"Moving025","after","6","11.8335","1541","CAUGHT"
"Moving025","after","7","11.9079","909","CAUGHT"
"Moving025","after","8","11.8942","813","CAUGHT"
"Moving025","after","9","11.2145","376","CAUGHT"
"Moving025","after","10","10.7513","271","CAUGHT"
"Moving025","after","11","11.6954","707","CAUGHT"
"Moving025","after","12","11.2323","380","CAUGHT"
"Moving025","after","13","11.4087","483","CAUGHT"
"Moving025","after","14","11.2498","402","CAUGHT"
"Moving025","after","15","12.0726","1663","CAUGHT"
"Moving025","after","16","11.8028","701","CAUGHT"
"Moving025","after","17","11.7626","1405","CAUGHT"
"Moving025","after","18","11.9621","1296","CAUGHT"
"Moving025","after","19","11.9397","883","CAUGHT"
"Moving025","after","20","10.9562","339","CAUGHT"
"Moving025","after","21","11.5407","590","CAUGHT"
"Moving025","after","22","12.4614","1083","CAUGHT"
"Moving025","after","23","10.9968","349","CAUGHT"
"Moving025","after","24","13.4895","1634","CAUGHT"
"Moving025","after","25","12.408","1721","CAUGHT"
"Moving025","after","26","11.2287","412","CAUGHT"
"Moving025","after","27","11.8407","1838","CAUGHT"
"Moving025","after","28","11.0672","348","CAUGHT"
"Moving025","after","29","13.1036","1581","CAUGHT"
"Moving025","after","30","11.3714","510","CAUGHT"
"Moving025","after","31","11.3828","505","CAUGHT"
"Moving025","after","32","11.5311","559","CAUGHT"
"Moving025","after","33","11.8502","888","CAUGHT"
"Moving025","after","34","11.7604","741","CAUGHT"
"Moving025","after","35","11.397","486","CAUGHT"
"Moving025","after","36","11.6702","650","CAUGHT"
"Moving025","after","37","11.3777","454","CAUGHT"
"Moving025","after","38","11.9928","882","CAUGHT"
"Moving025","after","39","11.313","440","CAUGHT"
"Moving025","after","40","11.0809","397","CAUGHT"
"Moving025","after","41","11.8439","1055","CAUGHT"
"Moving025","after","42","12.1835","1039","CAUGHT"
"Moving025","after","43","11.2755","374","CAUGHT"
"Moving025","after","44","12.1155","1157","CAUGHT"
"Moving025","after","45","11.7282","718","CAUGHT"
"Moving025","after","46","11.1874","441","CAUGHT"
"Moving025","after","47","11.3256","446","CAUGHT"
"Moving025","after","48","12.1813","904","CAUGHT"
"Moving025","after","49","11.5971","609","CAUGHT"
"Moving025","after","50","11.7038","1273","CAUGHT"
"Moving025","after","51","11.1163","394","CAUGHT"
"Moving025","after","52","11.9313","1000","CAUGHT"
"Moving025","after","53","11.1512","337","CAUGHT"
"Moving025","after","54","11.7049","1608","CAUGHT"
"Moving025","after","55","11.194","366","CAUGHT"
"Moving025","after","56","11.3822","484","CAUGHT"
"Moving025","after","57","11.6342","1573","CAUGHT"
"Moving025","after","58","11.1834","365","CAUGHT"
"Moving025","after","59","11.749","1511","CAUGHT"
"Moving025","after","60","11.4979","611","CAUGHT"
"Moving025","after","61","11.3547","468","CAUGHT"
"Moving025","after","62","11.8065","1478","CAUGHT"
"Moving025","after","63","12.9333","1567","CAUGHT"
"Moving025","after","64","11.8843","1147","CAUGHT"
"Moving025","after","65","12.1722","1131","CAUGHT"
"Moving025","after","66","10.8854","293","CAUGHT"
"Moving025","after","67","12.065","1357","CAUGHT"
"Moving025","after","68","11.2472","380","CAUGHT"
"Moving025","after","69","11.8471","1189","CAUGHT"
"Moving025","after","70","11.211","380","CAUGHT"
"Moving025","after","71","11.3774","450","CAUGHT"
"Moving025","after","72","13.5042","2011","CAUGHT"
"Moving025","after","73","11.588","605","CAUGHT"
"Moving025","after","74","11.9777","1502","CAUGHT"
"Moving025","after","75","11.9706","1407","CAUGHT"
"Moving025","after","76","11.9257","1169","CAUGHT"
"Moving025","after","77","10.7937","267","CAUGHT"
"Moving025","after","78","11.9691","888","CAUGHT"
"Moving025","after","79","11.776","1355","CAUGHT"
"Moving025","after","80","12.01","1580","CAUGHT"
"Moving025","after","81","11.6715","646","CAUGHT"
"Moving025","after","82","11.7444","703","CAUGHT"
"Moving025","after","83","10.9372","294","CAUGHT"
"Moving025","after","84","12.2373","1745","CAUGHT"
"Moving025","after","85","12.0479","1456","CAUGHT"
"Moving025","after","86","11.6624","1510","CAUGHT"
"Moving025","after","87","11.834","1260","CAUGHT"
"Moving025","after","88","11.9729","1359","CAUGHT"
"Moving025","after","89","11.9499","1385","CAUGHT"
"Moving025","after","90","13.2346","1560","CAUGHT"
"Moving025","after","91","10.9526","309","CAUGHT"
"Moving025","after","92","11.0808","322","CAUGHT"
"Moving025","after","93","11.293","410","CAUGHT"
"Moving025","after","94","11.8908","1142","CAUGHT"
"Moving025","after","95","11.4804","547","CAUGHT"
"Moving025","after","96","11.9209","1157","CAUGHT"
"Moving025","after","97","11.7811","704","CAUGHT"
"Moving025","after","98","11.0256","330","CAUGHT"
"Moving025","after","99","11.8832","897","CAUGHT"
"Moving025","after","100","11.2131","367","CAUGHT"
"Moving025","after","101","11.0346","339","CAUGHT"
"Moving050","before","2","12.0347","1008","CAUGHT"
"Moving050","before","3","11.5755","577","CAUGHT"
"Moving050","before","4","12.2512","1130","CAUGHT"
"Moving050","before","5","13.2767","1565","CAUGHT"
"Moving050","before","6","15.5799","2442","CAUGHT"
"Moving050","before","7","13.6821","2072","CAUGHT"
"Moving050","before","8","14.2687","1770","CAUGHT"
"Moving050","before","9","11.2056","437","CAUGHT"
"Moving050","before","10","4.3938","6088","TIMEOUT"
"Moving050","before","11","11.8738","801","CAUGHT"
"Moving050","before","12","20.6954","5095","CAUGHT"
"Moving050","before","13","12.9128","1866","CAUGHT"
"Moving050","before","14","11.8995","2137","CAUGHT"
"Moving050","before","15","2.3321","6028","TIMEOUT"
"Moving050","before","16","13.1084","1641","CAUGHT"
"Moving050","before","17","12.1798","949","CAUGHT"
"Moving050","before","18","11.97","798","CAUGHT"
"Moving050","before","19","13.8064","3138","CAUGHT"
"Moving050","before","20","11.1653","459","CAUGHT"
"Moving050","before","21","-0.1749","6105","TIMEOUT"
"Moving050","before","22","13.4235","1918","CAUGHT"
"Moving050","before","23","11.5501","577","CAUGHT"
"Moving050","before","24","13.4088","2205","CAUGHT"
"Moving050","before","25","12.1972","1075","CAUGHT"
"Moving050","before","26","11.2413","444","CAUGHT"
"Moving050","before","27","17.685","3694","CAUGHT"
"Moving050","before","28","11.6374","629","CAUGHT"
"Moving050","before","29","15.3612","2621","CAUGHT"
"Moving050","before","30","11.4229","512","CAUGHT"
"Moving050","before","31","12.3231","1060","CAUGHT"
"Moving050","before","32","11.0103","364","CAUGHT"
"Moving050","before","33","11.3909","496","CAUGHT"
"Moving050","before","34","10.9111","325","CAUGHT"
"Moving050","before","35","-0.887","6045","TIMEOUT"
"Moving050","before","36","12.4724","1281","CAUGHT"
"Moving050","before","37","7.506","6040","TIMEOUT"
"Moving050","before","38","11.896","2093","CAUGHT"
"Moving050","before","39","10.948","342","CAUGHT"
"Moving050","before","40","11.9548","1042","CAUGHT"
"Moving050","before","41","11.8852","1696","CAUGHT"
"Moving050","before","42","12.8733","2229","CAUGHT"
"Moving050","before","43","12.35","1430","CAUGHT"
"Moving050","before","44","11.6394","618","CAUGHT"
"Moving050","before","45","11.6182","605","CAUGHT"
"Moving050","before","46","11.6263","1929","CAUGHT"
"Moving050","before","47","11.1844","394","CAUGHT"
"Moving050","before","48","12.1267","891","CAUGHT"
"Moving050","before","49","12.1856","1197","CAUGHT"
"Moving050","before","50","4.4134","5953","TIMEOUT"
"Moving050","before","51","12.3234","1732","CAUGHT"
"Moving050","before","52","10.377","6026","TIMEOUT"
"Moving050","before","53","11.9504","798","CAUGHT"
"Moving050","before","54","0.8213","6092","TIMEOUT"
"Moving050","before","55","18.8607","4124","CAUGHT"
"Moving050","before","56","11.4316","526","CAUGHT"
"Moving050","before","57","12.2962","956","CAUGHT"
"Moving050","before","58","12.1438","929","CAUGHT"
"Moving050","before","59","11.8013","2120","CAUGHT"
"Moving050","before","60","11.8663","739","CAUGHT"
"Moving050","before","61","12.6989","1191","CAUGHT"
"Moving050","before","62","11.1617","377","CAUGHT"
"Moving050","before","63","12.022","888","CAUGHT"
"Moving050","before","64","15.9311","4050","CAUGHT"
"Moving050","before","65","11.8305","700","CAUGHT"
"Moving050","before","66","12.5127","2123","CAUGHT"
"Moving050","before","67","11.6684","675","CAUGHT"
"Moving050","before","68","11.5468","1796","CAUGHT"
"Moving050","before","69","11.3793","455","CAUGHT"
"Moving050","before","70","12.9105","1440","CAUGHT"
"Moving050","before","71","11.8476","2131","CAUGHT"
"Moving050","before","72","16.058","2688","CAUGHT"
"Moving050","before","73","11.3061","427","CAUGHT"
"Moving050","before","74","12.2335","1290","CAUGHT"
"Moving050","before","75","11.9687","899","CAUGHT"
"Moving050","before","76","7.627","6117","TIMEOUT"
"Moving050","before","77","9.3881","6088","TIMEOUT"
"Moving050","before","78","12.2527","2288","CAUGHT"
"Moving050","before","79","8.1985","6116","TIMEOUT"
"Moving050","before","80","13.6195","2333","CAUGHT"
"Moving050","before","81","6.9822","6029","TIMEOUT"
"Moving050","before","82","12.0965","1148","CAUGHT"
"Moving050","before","83","11.5929","1962","CAUGHT"
"Moving050","before","84","11.778","2202","CAUGHT"
"Moving050","before","85","6.242","6161","TIMEOUT"
"Moving050","before","86","12.4734","1948","CAUGHT"
"Moving050","before","87","11.3467","476","CAUGHT"
"Moving050","before","88","11.2921","493","CAUGHT"
"Moving050","before","89","11.5249","623","CAUGHT"
"Moving050","before","90","1.3488","6120","TIMEOUT"
"Moving050","before","91","11.9067","1910","CAUGHT"
"Moving050","before","92","11.9394","888","CAUGHT"
"Moving050","before","93","12.2806","1363","CAUGHT"
"Moving050","before","94","11.0921","380","CAUGHT"
"Moving050","before","95","9.1421","6098","TIMEOUT"
"Moving050","before","96","10.9758","375","CAUGHT"
"Moving050","before","97","16.1671","2728","CAUGHT"
"Moving050","before","98","11.5464","674","CAUGHT"
"Moving050","before","99","7.5074","5518","TIMEOUT"
"Moving050","before","100","11.6258","510","CAUGHT"
"Moving050","before","101","11.1482","349","CAUGHT"
"Moving050","selected_after","2","12.1078","933","CAUGHT"
"Moving050","selected_after","3","11.5247","458","CAUGHT"
"Moving050","selected_after","4","11.838","725","CAUGHT"
"Moving050","selected_after","5","11.7859","1921","CAUGHT"
"Moving050","selected_after","6","12.1536","1267","CAUGHT"
"Moving050","selected_after","7","11.4608","440","CAUGHT"
"Moving050","selected_after","8","11.803","667","CAUGHT"
"Moving050","selected_after","9","11.9957","863","CAUGHT"
"Moving050","selected_after","10","11.8647","744","CAUGHT"
"Moving050","selected_after","11","11.7511","685","CAUGHT"
"Moving050","selected_after","12","12.0293","1211","CAUGHT"
"Moving050","selected_after","13","12.0169","1792","CAUGHT"
"Moving050","selected_after","14","11.7","581","CAUGHT"
"Moving050","selected_after","15","10.969","305","CAUGHT"
"Moving050","selected_after","16","12.2054","1288","CAUGHT"
"Moving050","selected_after","17","12.1687","1163","CAUGHT"
"Moving050","selected_after","18","11.4858","537","CAUGHT"
"Moving050","selected_after","19","11.3272","433","CAUGHT"
"Moving050","selected_after","20","13.3811","2005","CAUGHT"
"Moving050","selected_after","21","10.9947","290","CAUGHT"
"Moving050","selected_after","22","11.4021","425","CAUGHT"
"Moving050","selected_after","23","11.6344","519","CAUGHT"
"Moving050","selected_after","24","12.6853","1656","CAUGHT"
"Moving050","selected_after","25","12.7035","1201","CAUGHT"
"Moving050","selected_after","26","12.1387","1322","CAUGHT"
"Moving050","selected_after","27","11.6123","610","CAUGHT"
"Moving050","selected_after","28","11.261","424","CAUGHT"
"Moving050","selected_after","29","11.6073","586","CAUGHT"
"Moving050","selected_after","30","11.4923","465","CAUGHT"
"Moving050","selected_after","31","11.7177","537","CAUGHT"
"Moving050","selected_after","32","11.3579","394","CAUGHT"
"Moving050","selected_after","33","13.3167","1810","CAUGHT"
"Moving050","selected_after","34","13.535","3047","CAUGHT"
"Moving050","selected_after","35","11.7182","710","CAUGHT"
"Moving050","selected_after","36","15.1127","2993","CAUGHT"
"Moving050","selected_after","37","11.6143","460","CAUGHT"
"Moving050","selected_after","38","10.9391","280","CAUGHT"
"Moving050","selected_after","39","11.396","387","CAUGHT"
"Moving050","selected_after","40","11.3544","406","CAUGHT"
"Moving050","selected_after","41","11.9954","1316","CAUGHT"
"Moving050","selected_after","42","12.1426","1162","CAUGHT"
"Moving050","selected_after","43","14.3635","4608","CAUGHT"
"Moving050","selected_after","44","4.4468","5368","TIMEOUT"
"Moving050","selected_after","45","14.9669","2388","CAUGHT"
"Moving050","selected_after","46","11.2137","369","CAUGHT"
"Moving050","selected_after","47","11.3087","380","CAUGHT"
"Moving050","selected_after","48","15.3042","3048","CAUGHT"
"Moving050","selected_after","49","11.4974","508","CAUGHT"
"Moving050","selected_after","50","11.876","2160","CAUGHT"
"Moving050","selected_after","51","11.4799","513","CAUGHT"
"Moving050","selected_after","52","11.1165","310","CAUGHT"
"Moving050","selected_after","53","13.8081","2836","CAUGHT"
"Moving050","selected_after","54","11.3098","382","CAUGHT"
"Moving050","selected_after","55","12.4589","1873","CAUGHT"
"Moving050","selected_after","56","12.0913","1067","CAUGHT"
"Moving050","selected_after","57","11.939","1559","CAUGHT"
"Moving050","selected_after","58","12.0315","1244","CAUGHT"
"Moving050","selected_after","59","13.9118","2107","CAUGHT"
"Moving050","selected_after","60","12.1672","746","CAUGHT"
"Moving050","selected_after","61","11.879","1898","CAUGHT"
"Moving050","selected_after","62","13.6699","3380","CAUGHT"
"Moving050","selected_after","63","10.8767","302","CAUGHT"
"Moving050","selected_after","64","12.0625","1389","CAUGHT"
"Moving050","selected_after","65","11.9059","704","CAUGHT"
"Moving050","selected_after","66","11.5506","513","CAUGHT"
"Moving050","selected_after","67","11.5899","494","CAUGHT"
"Moving050","selected_after","68","11.4359","455","CAUGHT"
"Moving050","selected_after","69","11.8676","1408","CAUGHT"
"Moving050","selected_after","70","11.9709","2032","CAUGHT"
"Moving050","selected_after","71","12.3158","1604","CAUGHT"
"Moving050","selected_after","72","11.6937","1713","CAUGHT"
"Moving050","selected_after","73","12.1845","1141","CAUGHT"
"Moving050","selected_after","74","11.9867","818","CAUGHT"
"Moving050","selected_after","75","11.8292","748","CAUGHT"
"Moving050","selected_after","76","11.802","601","CAUGHT"
"Moving050","selected_after","77","12.123","1318","CAUGHT"
"Moving050","selected_after","78","13.261","2099","CAUGHT"
"Moving050","selected_after","79","10.8674","293","CAUGHT"
"Moving050","selected_after","80","12.1794","1263","CAUGHT"
"Moving050","selected_after","81","11.9242","697","CAUGHT"
"Moving050","selected_after","82","11.8749","1815","CAUGHT"
"Moving050","selected_after","83","2.2467","5413","TIMEOUT"
"Moving050","selected_after","84","10.8356","271","CAUGHT"
"Moving050","selected_after","85","13.4523","2098","CAUGHT"
"Moving050","selected_after","86","11.5843","522","CAUGHT"
"Moving050","selected_after","87","13.0249","1448","CAUGHT"
"Moving050","selected_after","88","14.5901","5001","CAUGHT"
"Moving050","selected_after","89","14.0973","3758","CAUGHT"
"Moving050","selected_after","90","11.7576","1835","CAUGHT"
"Moving050","selected_after","91","12.9915","2174","CAUGHT"
"Moving050","selected_after","92","11.8372","1762","CAUGHT"
"Moving050","selected_after","93","14.4728","1908","CAUGHT"
"Moving050","selected_after","94","12.739","1479","CAUGHT"
"Moving050","selected_after","95","11.0472","343","CAUGHT"
"Moving050","selected_after","96","11.2099","402","CAUGHT"
"Moving050","selected_after","97","10.9535","334","CAUGHT"
"Moving050","selected_after","98","11.1234","369","CAUGHT"
"Moving050","selected_after","99","12.0352","2079","CAUGHT"
"Moving050","selected_after","100","13.2644","1591","CAUGHT"
"Moving050","selected_after","101","11.5519","482","CAUGHT"
